{ "command": "room", "venue": "CSE K17", "room": "Bango", "size": "medium" }
{ "command": "room", "venue": "CSE K17", "room": "Oboe", "size": "small" }
{ "command": "room", "venue": "CSE K17", "room": "R504", "size": "small" }
{ "command": "room", "venue": "CSE J17", "room": "G03", "size": "large" }
{ "command": "room", "venue": "Central Lecture Block", "room": "CLB7", "size": "large" }
{ "command": "room", "venue": "Central Lecture Block", "room": "CLB1", "size": "large" }
{ "command": "room", "venue": "Central Lecture Block", "room": "CLB6", "size": "large" }
{ "command": "room", "venue": "Central Lecture Block", "room": "CLB2", "size": "medium" }
{ "command": "room", "venue": "Central Lecture Block", "room": "CLB5", "size": "small" }
{ "command": "room", "venue": "CSE K17", "room": "Flute", "size": "large" }
{ "command": "room", "venue": "Goldstin", "room": "G04", "size": "small" }
{ "command": "room", "venue": "Goldstin", "room": "G02", "size": "large" }
{ "command": "request", "id": "COMP1511 Final Exam", "start": "2018-12-31", "end": "2019-01-02", "small": 1, "medium": 1, "large": 2 }
{ "command": "request", "id": "COMP1511 Tutorial", "start": "2019-01-01", "end": "2019-01-03", "small": 1, "medium": 0, "large": 0 }
{ "command": "change", "id": "COMP1521 Tutorial", "start": "2019-01-04", "end": "2019-01-07", "small": 1, "medium": 0, "large": 1 }
{ "command": "cancel", "id": "COMP1521 Tutorial" }
{ "command": "request", "id": "COMP1531 Final Exam", "start": "2019-01-03", "end": "2019-01-05", "small": 1, "medium": 1, "large": 3 }
{ "command": "change", "id": "COMP1511 Final Exam", "start": "2019-01-04", "end": "2019-01-04", "small": 1, "medium": 1, "large": 2 }
{ "command": "change", "id": "COMP1511 Final Exam", "start": "2019-01-04", "end": "2019-01-04", "small": 2, "medium": 1, "large": 0 }
{ "command": "list", "venue": "CSE K17" }
{ "command": "list", "venue": "Central Lecture Block" }
{ "command": "list", "venue": "Goldstin" }
{ "command": "list", "venue": "CSE J17" }
{ "command": "change", "id": "COMP1511 Final Exam", "start": "2018-12-30", "end": "2019-01-09", "small": 1, "medium": 0, "large": 1 }
{ "command": "list", "venue": "CSE K17" }
{ "command": "list", "venue": "Central Lecture Block" }
{ "command": "list", "venue": "Goldstin" }
{ "command": "list", "venue": "CSE J17" }

