{ "command": "room", "venue": "Clancy", "room": "Clancy-01", "size": "large" }
{ "command": "room", "venue": "Red Centre", "room": "RC2063", "size": "medium" }
{ "command": "room", "venue": "Clancy", "room": "Clancy-02", "size": "large" }
{ "command": "room", "venue": "Red Centre", "room": "RC1040", "size": "small" }
{ "command": "room", "venue": "Red Centre", "room": "RC2061", "size": "medium" }
{ "command": "room", "venue": "Red Centre", "room": "RC2062", "size": "medium" }
{ "command": "room", "venue": "Red Centre", "room": "RC4093", "size": "small" }
{ "command": "room", "venue": "CSE", "room": "G03", "size": "large" }
{ "command": "room", "venue": "CSE", "room": "Oboe", "size": "medium" }
{ "command": "room", "venue": "CSE", "room": "Flute", "size": "small" }
{ "command": "room", "venue": "CSE", "room": "String", "size": "small" }
{ "command": "request", "id": "2511 Tut", "start": "2019-06-03", "end": "2019-08-01", "small": 1, "medium": 1, "large": 0 }
{ "command": "request", "id": "1511 Lec", "start": "2019-06-04", "end": "2019-06-04", "small": 0, "medium": 0, "large": 2 }
{ "command": "request", "id": "1511 Tut", "start": "2019-06-02", "end": "2019-07-31", "small": 1, "medium": 2, "large": 0 }
{ "command": "list", "venue": "Clancy" }
{ "command": "list", "venue": "Red Centre" }
{ "command": "list", "venue": "CSE" }
{ "command": "request", "id": "1511 Tut", "start": "2019-06-02", "end": "2019-07-31", "small": 2, "medium": 1, "large": 0 }
{ "command": "list", "venue": "CSE" }
{ "command": "change", "id": "2521 Tut", "start": "2018-06-01", "end": "2018-07-31", "small": 1, "medium": 1, "large": 0 }
{ "command": "cancel", "id": "2521 Tut" }
{ "command": "change", "id": "1511 Tut", "start": "2018-06-01", "end": "2018-07-31", "small": 1, "medium": 1, "large": 0 }
{ "command": "list", "venue": "Clancy" }
{ "command": "list", "venue": "Red Centre" }
{ "command": "list", "venue": "CSE" }
{ "command": "request", "id": "1521 Tut", "start": "2017-06-01", "end": "2017-07-31", "small": 0, "medium": 2, "large": 0 }
{ "command": "list", "venue": "Clancy" }
{ "command": "list", "venue": "Red Centre" }
{ "command": "list", "venue": "CSE" }
{ "command": "cancel", "id": "1511 Tut" }
{ "command": "list", "venue": "Clancy" }
{ "command": "list", "venue": "Red Centre" }
{ "command": "list", "venue": "CSE" }
{ "command": "cancel", "id": "1511 Tut" }



