{ "command": "room", "venue": "CLB", "room": "CLB-01", "size": "large" }
{ "command": "room", "venue": "CLB", "room": "CLB-02", "size": "medium" }
{ "command": "room", "venue": "CLB", "room": "CLB-03", "size": "large" }
{ "command": "room", "venue": "CLB", "room": "CLB-04", "size": "small" }
{ "command": "room", "venue": "CLB", "room": "CLB-05", "size": "large" }
{ "command": "room", "venue": "CLB", "room": "CLB-06", "size": "medium" }
{ "command": "room", "venue": "CLB", "room": "CLB-07", "size": "large" }
{ "command": "room", "venue": "CLB", "room": "CLB-08", "size": "small" }
{ "command": "room", "venue": "Law Library", "room": "Law 201", "size": "small" }
{ "command": "room", "venue": "Law Library", "room": "Law 202", "size": "small" }
{ "command": "room", "venue": "Law Library", "room": "Law 204", "size": "large" }
{ "command": "room", "venue": "Law Library", "room": "Law 205", "size": "medium" }
{ "command": "room", "venue": "Law Library", "room": "Law 276", "size": "large" }
{ "command": "room", "venue": "Clancy", "room": "C-01", "size": "large" }
{ "command": "room", "venue": "Clancy", "room": "C-03", "size": "medium" }
{ "command": "room", "venue": "CSE", "room": "Bangle", "size": "small" }
{ "command": "room", "venue": "CSE", "room": "Oboe", "size": "small" }
{ "command": "room", "venue": "CSE", "room": "Flute", "size": "medium" }
{ "command": "room", "venue": "Global", "room": "LG01", "size": "medium" }
{ "command": "request", "id": "COMP1511 Final Exam", "start": "2018-12-31", "end": "2019-01-02", "small": 2, "medium": 1, "large": 3 }
{ "command": "request", "id": "COMP1521 Final Exam", "start": "2019-01-03", "end": "2019-01-04", "small": 2, "medium": 1, "large": 1 }
{ "command": "request", "id": "COMP1531 Final Exam", "start": "2019-01-05", "end": "2019-01-06", "small": 2, "medium": 1, "large": 0 }
{ "command": "list", "venue": "CLB" }
{ "command": "list", "venue": "Law Library" }
{ "command": "list", "venue": "Clancy" }
{ "command": "list", "venue": "CSE" }
{ "command": "list", "venue": "Global" }
{ "command": "change", "id": "COMP1531 Final Exam", "start": "2019-01-01", "end": "2019-01-04", "small": 0, "medium": 1, "large": 2 }
{ "command": "change", "id": "COMP1511 Final Exam", "start": "2019-01-04", "end": "2019-01-04", "small": 0, "medium": 2, "large": 4 }
{ "command": "list", "venue": "CLB" }
{ "command": "list", "venue": "Law Library" }
{ "command": "list", "venue": "Clancy" }
{ "command": "list", "venue": "CSE" }
{ "command": "list", "venue": "Global" }
{ "command": "request", "id": "COMP4128 Final Exam", "start": "2019-01-04", "end": "2019-01-04", "small": 2, "medium": 1, "large": 0 }
{ "command": "request", "id": "COMP4121 Final Exam", "start": "2019-01-04", "end": "2019-01-04", "small": 0, "medium": 1, "large": 0 }
{ "command": "list", "venue": "CLB" }
{ "command": "list", "venue": "Law Library" }
{ "command": "list", "venue": "Clancy" }
{ "command": "list", "venue": "CSE" }
{ "command": "list", "venue": "Global" }
