{ "command": "room", "venue": "CLB", "room": "CLB-01", "size": "small" }
{ "command": "room", "venue": "CLB", "room": "CLB-02", "size": "medium" }
{ "command": "room", "venue": "CLB", "room": "CLB-03", "size": "large" }
{ "command": "room", "venue": "CLB", "room": "CLB-04", "size": "large" }
{ "command": "request", "id": "1511 Lecture", "start": "2019-03-25", "end": "2019-03-26", "small": 0, "medium": 0, "large": 1 }
{ "command": "request", "id": "1521 Lecture", "start": "2019-03-25", "end": "2019-03-26", "small": 0, "medium": 1, "large": 1 }
{ "command": "request", "id": "2521 Lecture", "start": "2019-03-24", "end": "2019-03-29", "small": 0, "medium": 0, "large": 1 }
{ "command": "request", "id": "9417 Lecture", "start": "2019-03-24", "end": "2019-03-26", "small": 0, "medium": 0, "large": 1 }
{ "command": "request", "id": "9418 Lecture", "start": "2019-03-26", "end": "2019-03-27", "small": 0, "medium": 0, "large": 1 }
{ "command": "change", "id": "1511 Lecture", "start": "2019-03-24", "end": "2019-03-25", "small": 1, "medium": 0, "large": 0 }
{ "command": "request", "id": "9418 Lecture", "start": "2019-03-26", "end": "2019-03-27", "small": 0, "medium": 0, "large": 1 }
{ "command": "list", "venue": "CLB" }
{ "command": "change", "id": "9418 Lecture", "start": "2019-02-24", "end": "2019-03-29", "small": 1, "medium": 0, "large": 0 }
{ "command": "list", "venue": "CLB" }
{ "command": "request", "id": "9414 Lecture", "start": "2019-04-18", "end": "2019-05-30", "small": 0, "medium": 0, "large": 1 }
{ "command": "request", "id": "9417 Lecture", "start": "2018-04-18", "end": "2018-05-30", "small": 0, "medium": 0, "large": 1 }
{ "command": "list", "venue": "CLB" }

