{
  "venue": "Red Centre",
  "rooms": [
    "RC2063",
    "RC1040"
  ],
  "status": "success"
}
{
  "venue": "Clancy",
  "rooms": [
    "Clancy-01",
    "Clancy-02"
  ],
  "status": "success"
}
{
  "venue": "Red Centre",
  "rooms": [
    "RC2061",
    "RC2062",
    "RC4093"
  ],
  "status": "success"
}
[{"reservations":[{"start":"2019-06-04","end":"2019-06-04","id":"1511 Lec"}],"room":"Clancy-01"},{"reservations":[{"start":"2019-06-04","end":"2019-06-04","id":"1511 Lec"}],"room":"Clancy-02"}]
[{"reservations":[{"start":"2019-06-03","end":"2019-08-01","id":"2511 Tut"}],"room":"RC2063"},{"reservations":[{"start":"2019-06-03","end":"2019-08-01","id":"2511 Tut"}],"room":"RC1040"},{"reservations":[{"start":"2019-06-02","end":"2019-07-31","id":"1511 Tut"}],"room":"RC2061"},{"reservations":[{"start":"2019-06-02","end":"2019-07-31","id":"1511 Tut"}],"room":"RC2062"},{"reservations":[{"start":"2019-06-02","end":"2019-07-31","id":"1511 Tut"}],"room":"RC4093"}]
[{"reservations":[],"room":"G03"},{"reservations":[],"room":"Oboe"},{"reservations":[],"room":"Flute"},{"reservations":[],"room":"String"}]
{
  "venue": "CSE",
  "rooms": [
    "Oboe",
    "Flute",
    "String"
  ],
  "status": "success"
}
[{"reservations":[],"room":"G03"},{"reservations":[{"start":"2019-06-02","end":"2019-07-31","id":"1511 Tut"}],"room":"Oboe"},{"reservations":[{"start":"2019-06-02","end":"2019-07-31","id":"1511 Tut"}],"room":"Flute"},{"reservations":[{"start":"2019-06-02","end":"2019-07-31","id":"1511 Tut"}],"room":"String"}]
{"status": "rejected"}
{"status": "rejected"}
{
  "venue": "Red Centre",
  "rooms": [
    "RC2063",
    "RC1040"
  ],
  "status": "success"
}
[{"reservations":[{"start":"2019-06-04","end":"2019-06-04","id":"1511 Lec"}],"room":"Clancy-01"},{"reservations":[{"start":"2019-06-04","end":"2019-06-04","id":"1511 Lec"}],"room":"Clancy-02"}]
[{"reservations":[{"start":"2018-06-01","end":"2018-07-31","id":"1511 Tut"},{"start":"2019-06-03","end":"2019-08-01","id":"2511 Tut"}],"room":"RC2063"},{"reservations":[{"start":"2018-06-01","end":"2018-07-31","id":"1511 Tut"},{"start":"2019-06-03","end":"2019-08-01","id":"2511 Tut"}],"room":"RC1040"},{"reservations":[],"room":"RC2061"},{"reservations":[],"room":"RC2062"},{"reservations":[],"room":"RC4093"}]
[{"reservations":[],"room":"G03"},{"reservations":[],"room":"Oboe"},{"reservations":[],"room":"Flute"},{"reservations":[],"room":"String"}]
{
  "venue": "Red Centre",
  "rooms": [
    "RC2063",
    "RC2061"
  ],
  "status": "success"
}
[{"reservations":[{"start":"2019-06-04","end":"2019-06-04","id":"1511 Lec"}],"room":"Clancy-01"},{"reservations":[{"start":"2019-06-04","end":"2019-06-04","id":"1511 Lec"}],"room":"Clancy-02"}]
[{"reservations":[{"start":"2017-06-01","end":"2017-07-31","id":"1521 Tut"},{"start":"2018-06-01","end":"2018-07-31","id":"1511 Tut"},{"start":"2019-06-03","end":"2019-08-01","id":"2511 Tut"}],"room":"RC2063"},{"reservations":[{"start":"2018-06-01","end":"2018-07-31","id":"1511 Tut"},{"start":"2019-06-03","end":"2019-08-01","id":"2511 Tut"}],"room":"RC1040"},{"reservations":[{"start":"2017-06-01","end":"2017-07-31","id":"1521 Tut"}],"room":"RC2061"},{"reservations":[],"room":"RC2062"},{"reservations":[],"room":"RC4093"}]
[{"reservations":[],"room":"G03"},{"reservations":[],"room":"Oboe"},{"reservations":[],"room":"Flute"},{"reservations":[],"room":"String"}]
{"status": "success"}
[{"reservations":[{"start":"2019-06-04","end":"2019-06-04","id":"1511 Lec"}],"room":"Clancy-01"},{"reservations":[{"start":"2019-06-04","end":"2019-06-04","id":"1511 Lec"}],"room":"Clancy-02"}]
[{"reservations":[{"start":"2017-06-01","end":"2017-07-31","id":"1521 Tut"},{"start":"2019-06-03","end":"2019-08-01","id":"2511 Tut"}],"room":"RC2063"},{"reservations":[{"start":"2019-06-03","end":"2019-08-01","id":"2511 Tut"}],"room":"RC1040"},{"reservations":[{"start":"2017-06-01","end":"2017-07-31","id":"1521 Tut"}],"room":"RC2061"},{"reservations":[],"room":"RC2062"},{"reservations":[],"room":"RC4093"}]
[{"reservations":[],"room":"G03"},{"reservations":[],"room":"Oboe"},{"reservations":[],"room":"Flute"},{"reservations":[],"room":"String"}]
{"status": "rejected"}
