{
  "venue": "CLB",
  "rooms": ["CLB-03"],
  "status": "success"
}
{
  "venue": "CLB",
  "rooms": [
    "CLB-02",
    "CLB-04"
  ],
  "status": "success"
}
{"status": "rejected"}
{"status": "rejected"}
{"status": "rejected"}
{
  "venue": "CLB",
  "rooms": ["CLB-01"],
  "status": "success"
}
{
  "venue": "CLB",
  "rooms": ["CLB-03"],
  "status": "success"
}
[{"reservations":[{"start":"2019-03-24","end":"2019-03-25","id":"1511 Lecture"}],"room":"CLB-01"},{"reservations":[{"start":"2019-03-25","end":"2019-03-26","id":"1521 Lecture"}],"room":"CLB-02"},{"reservations":[{"start":"2019-03-26","end":"2019-03-27","id":"9418 Lecture"}],"room":"CLB-03"},{"reservations":[{"start":"2019-03-25","end":"2019-03-26","id":"1521 Lecture"}],"room":"CLB-04"}]
{"status": "rejected"}
[{"reservations":[{"start":"2019-03-24","end":"2019-03-25","id":"1511 Lecture"}],"room":"CLB-01"},{"reservations":[{"start":"2019-03-25","end":"2019-03-26","id":"1521 Lecture"}],"room":"CLB-02"},{"reservations":[{"start":"2019-03-26","end":"2019-03-27","id":"9418 Lecture"}],"room":"CLB-03"},{"reservations":[{"start":"2019-03-25","end":"2019-03-26","id":"1521 Lecture"}],"room":"CLB-04"}]
{
  "venue": "CLB",
  "rooms": ["CLB-03"],
  "status": "success"
}
{
  "venue": "CLB",
  "rooms": ["CLB-03"],
  "status": "success"
}
[{"reservations":[{"start":"2019-03-24","end":"2019-03-25","id":"1511 Lecture"}],"room":"CLB-01"},{"reservations":[{"start":"2019-03-25","end":"2019-03-26","id":"1521 Lecture"}],"room":"CLB-02"},{"reservations":[{"start":"2018-04-18","end":"2018-05-30","id":"9417 Lecture"},{"start":"2019-03-26","end":"2019-03-27","id":"9418 Lecture"},{"start":"2019-04-18","end":"2019-05-30","id":"9414 Lecture"}],"room":"CLB-03"},{"reservations":[{"start":"2019-03-25","end":"2019-03-26","id":"1521 Lecture"}],"room":"CLB-04"}]
