{
  "venue": "CLB",
  "rooms": [
    "CLB-01",
    "CLB-02",
    "CLB-03",
    "CLB-04",
    "CLB-05",
    "CLB-08"
  ],
  "status": "success"
}
{
  "venue": "CLB",
  "rooms": [
    "CLB-01",
    "CLB-02",
    "CLB-04",
    "CLB-08"
  ],
  "status": "success"
}
{
  "venue": "CLB",
  "rooms": [
    "CLB-02",
    "CLB-04",
    "CLB-08"
  ],
  "status": "success"
}
[{"reservations":[{"start":"2018-12-31","end":"2019-01-02","id":"COMP1511 Final Exam"},{"start":"2019-01-03","end":"2019-01-04","id":"COMP1521 Final Exam"}],"room":"CLB-01"},{"reservations":[{"start":"2018-12-31","end":"2019-01-02","id":"COMP1511 Final Exam"},{"start":"2019-01-03","end":"2019-01-04","id":"COMP1521 Final Exam"},{"start":"2019-01-05","end":"2019-01-06","id":"COMP1531 Final Exam"}],"room":"CLB-02"},{"reservations":[{"start":"2018-12-31","end":"2019-01-02","id":"COMP1511 Final Exam"}],"room":"CLB-03"},{"reservations":[{"start":"2018-12-31","end":"2019-01-02","id":"COMP1511 Final Exam"},{"start":"2019-01-03","end":"2019-01-04","id":"COMP1521 Final Exam"},{"start":"2019-01-05","end":"2019-01-06","id":"COMP1531 Final Exam"}],"room":"CLB-04"},{"reservations":[{"start":"2018-12-31","end":"2019-01-02","id":"COMP1511 Final Exam"}],"room":"CLB-05"},{"reservations":[],"room":"CLB-06"},{"reservations":[],"room":"CLB-07"},{"reservations":[{"start":"2018-12-31","end":"2019-01-02","id":"COMP1511 Final Exam"},{"start":"2019-01-03","end":"2019-01-04","id":"COMP1521 Final Exam"},{"start":"2019-01-05","end":"2019-01-06","id":"COMP1531 Final Exam"}],"room":"CLB-08"}]
[{"reservations":[],"room":"Law 201"},{"reservations":[],"room":"Law 202"},{"reservations":[],"room":"Law 204"},{"reservations":[],"room":"Law 205"},{"reservations":[],"room":"Law 276"}]
[{"reservations":[],"room":"C-01"},{"reservations":[],"room":"C-03"}]
[{"reservations":[],"room":"Bangle"},{"reservations":[],"room":"Oboe"},{"reservations":[],"room":"Flute"}]
[{"reservations":[],"room":"LG01"}]
{
  "venue": "Law Library",
  "rooms": [
    "Law 204",
    "Law 205",
    "Law 276"
  ],
  "status": "success"
}
{"status": "rejected"}
[{"reservations":[{"start":"2018-12-31","end":"2019-01-02","id":"COMP1511 Final Exam"},{"start":"2019-01-03","end":"2019-01-04","id":"COMP1521 Final Exam"}],"room":"CLB-01"},{"reservations":[{"start":"2018-12-31","end":"2019-01-02","id":"COMP1511 Final Exam"},{"start":"2019-01-03","end":"2019-01-04","id":"COMP1521 Final Exam"}],"room":"CLB-02"},{"reservations":[{"start":"2018-12-31","end":"2019-01-02","id":"COMP1511 Final Exam"}],"room":"CLB-03"},{"reservations":[{"start":"2018-12-31","end":"2019-01-02","id":"COMP1511 Final Exam"},{"start":"2019-01-03","end":"2019-01-04","id":"COMP1521 Final Exam"}],"room":"CLB-04"},{"reservations":[{"start":"2018-12-31","end":"2019-01-02","id":"COMP1511 Final Exam"}],"room":"CLB-05"},{"reservations":[],"room":"CLB-06"},{"reservations":[],"room":"CLB-07"},{"reservations":[{"start":"2018-12-31","end":"2019-01-02","id":"COMP1511 Final Exam"},{"start":"2019-01-03","end":"2019-01-04","id":"COMP1521 Final Exam"}],"room":"CLB-08"}]
[{"reservations":[],"room":"Law 201"},{"reservations":[],"room":"Law 202"},{"reservations":[{"start":"2019-01-01","end":"2019-01-04","id":"COMP1531 Final Exam"}],"room":"Law 204"},{"reservations":[{"start":"2019-01-01","end":"2019-01-04","id":"COMP1531 Final Exam"}],"room":"Law 205"},{"reservations":[{"start":"2019-01-01","end":"2019-01-04","id":"COMP1531 Final Exam"}],"room":"Law 276"}]
[{"reservations":[],"room":"C-01"},{"reservations":[],"room":"C-03"}]
[{"reservations":[],"room":"Bangle"},{"reservations":[],"room":"Oboe"},{"reservations":[],"room":"Flute"}]
[{"reservations":[],"room":"LG01"}]
{
  "venue": "CSE",
  "rooms": [
    "Bangle",
    "Oboe",
    "Flute"
  ],
  "status": "success"
}
{
  "venue": "CLB",
  "rooms": ["CLB-06"],
  "status": "success"
}
[{"reservations":[{"start":"2018-12-31","end":"2019-01-02","id":"COMP1511 Final Exam"},{"start":"2019-01-03","end":"2019-01-04","id":"COMP1521 Final Exam"}],"room":"CLB-01"},{"reservations":[{"start":"2018-12-31","end":"2019-01-02","id":"COMP1511 Final Exam"},{"start":"2019-01-03","end":"2019-01-04","id":"COMP1521 Final Exam"}],"room":"CLB-02"},{"reservations":[{"start":"2018-12-31","end":"2019-01-02","id":"COMP1511 Final Exam"}],"room":"CLB-03"},{"reservations":[{"start":"2018-12-31","end":"2019-01-02","id":"COMP1511 Final Exam"},{"start":"2019-01-03","end":"2019-01-04","id":"COMP1521 Final Exam"}],"room":"CLB-04"},{"reservations":[{"start":"2018-12-31","end":"2019-01-02","id":"COMP1511 Final Exam"}],"room":"CLB-05"},{"reservations":[{"start":"2019-01-04","end":"2019-01-04","id":"COMP4121 Final Exam"}],"room":"CLB-06"},{"reservations":[],"room":"CLB-07"},{"reservations":[{"start":"2018-12-31","end":"2019-01-02","id":"COMP1511 Final Exam"},{"start":"2019-01-03","end":"2019-01-04","id":"COMP1521 Final Exam"}],"room":"CLB-08"}]
[{"reservations":[],"room":"Law 201"},{"reservations":[],"room":"Law 202"},{"reservations":[{"start":"2019-01-01","end":"2019-01-04","id":"COMP1531 Final Exam"}],"room":"Law 204"},{"reservations":[{"start":"2019-01-01","end":"2019-01-04","id":"COMP1531 Final Exam"}],"room":"Law 205"},{"reservations":[{"start":"2019-01-01","end":"2019-01-04","id":"COMP1531 Final Exam"}],"room":"Law 276"}]
[{"reservations":[],"room":"C-01"},{"reservations":[],"room":"C-03"}]
[{"reservations":[{"start":"2019-01-04","end":"2019-01-04","id":"COMP4128 Final Exam"}],"room":"Bangle"},{"reservations":[{"start":"2019-01-04","end":"2019-01-04","id":"COMP4128 Final Exam"}],"room":"Oboe"},{"reservations":[{"start":"2019-01-04","end":"2019-01-04","id":"COMP4128 Final Exam"}],"room":"Flute"}]
[{"reservations":[],"room":"LG01"}]
