{
  "venue": "Central Lecture Block",
  "rooms": [
    "CLB7",
    "CLB1",
    "CLB2",
    "CLB5"
  ],
  "status": "success"
}
{
  "venue": "CSE K17",
  "rooms": ["Oboe"],
  "status": "success"
}
{"status": "rejected"}
{"status": "rejected"}
{
  "venue": "Central Lecture Block",
  "rooms": [
    "CLB7",
    "CLB1",
    "CLB6",
    "CLB2",
    "CLB5"
  ],
  "status": "success"
}
{"status": "rejected"}
{
  "venue": "CSE K17",
  "rooms": [
    "Bango",
    "Oboe",
    "R504"
  ],
  "status": "success"
}
[{"reservations":[{"start":"2019-01-04","end":"2019-01-04","id":"COMP1511 Final Exam"}],"room":"Bango"},{"reservations":[{"start":"2019-01-01","end":"2019-01-03","id":"COMP1511 Tutorial"},{"start":"2019-01-04","end":"2019-01-04","id":"COMP1511 Final Exam"}],"room":"Oboe"},{"reservations":[{"start":"2019-01-04","end":"2019-01-04","id":"COMP1511 Final Exam"}],"room":"R504"},{"reservations":[],"room":"Flute"}]
[{"reservations":[{"start":"2019-01-03","end":"2019-01-05","id":"COMP1531 Final Exam"}],"room":"CLB7"},{"reservations":[{"start":"2019-01-03","end":"2019-01-05","id":"COMP1531 Final Exam"}],"room":"CLB1"},{"reservations":[{"start":"2019-01-03","end":"2019-01-05","id":"COMP1531 Final Exam"}],"room":"CLB6"},{"reservations":[{"start":"2019-01-03","end":"2019-01-05","id":"COMP1531 Final Exam"}],"room":"CLB2"},{"reservations":[{"start":"2019-01-03","end":"2019-01-05","id":"COMP1531 Final Exam"}],"room":"CLB5"}]
[{"reservations":[],"room":"G04"},{"reservations":[],"room":"G02"}]
[{"reservations":[],"room":"G03"}]
{
  "venue": "CSE K17",
  "rooms": [
    "R504",
    "Flute"
  ],
  "status": "success"
}
[{"reservations":[],"room":"Bango"},{"reservations":[{"start":"2019-01-01","end":"2019-01-03","id":"COMP1511 Tutorial"}],"room":"Oboe"},{"reservations":[{"start":"2018-12-30","end":"2019-01-09","id":"COMP1511 Final Exam"}],"room":"R504"},{"reservations":[{"start":"2018-12-30","end":"2019-01-09","id":"COMP1511 Final Exam"}],"room":"Flute"}]
[{"reservations":[{"start":"2019-01-03","end":"2019-01-05","id":"COMP1531 Final Exam"}],"room":"CLB7"},{"reservations":[{"start":"2019-01-03","end":"2019-01-05","id":"COMP1531 Final Exam"}],"room":"CLB1"},{"reservations":[{"start":"2019-01-03","end":"2019-01-05","id":"COMP1531 Final Exam"}],"room":"CLB6"},{"reservations":[{"start":"2019-01-03","end":"2019-01-05","id":"COMP1531 Final Exam"}],"room":"CLB2"},{"reservations":[{"start":"2019-01-03","end":"2019-01-05","id":"COMP1531 Final Exam"}],"room":"CLB5"}]
[{"reservations":[],"room":"G04"},{"reservations":[],"room":"G02"}]
[{"reservations":[],"room":"G03"}]
